address1,postcode
Blk 180 Tiong Bahru Avenue North,109527
"Blk 381 Lorong 7 Bukit Batok, #04-13",195228
9 Jalan Batu Nilam,47600
71 Bartley Hill,911323
2 Jalan Rajah,506295
21 Punggol View,715812
"61 Nanyang Heights, #09-12",471304
"9 Jurong West Vista, #16-07",195085
"Blk 177 Lorong 7 Farrer, #03-39",951716
"Blk 12 Lorong 3 Anson Road, #07-21",702255
4 Bukit Batok Drive,6664
"Blk 22 Lorong 16 Pasir Ris, #12-03",764548
88 Innova Vista,742408
"Blk 482 Yishun Street 13, #06-38",700750
40 Jalan Todak,529768
5 Balestier Terrace,72451
"Blk 13 Clementi Street 83, #03-15",632401
"Blk 282 Bedok Street 73, #12-34",911813
9 Pasir Panjang Heights,559388
"Blk 410 Lorong 8 Dover, #06-11",651094
"Blk 20 Lorong 2 Boon Keng, #17-45",832520
"Blk 277 Lorong 7 Geylang East, #13-06",235752
"84 Ghim Moh Drive, #17-11",226059
1 Woodlands Green,88640
"1 Boon Keng Green, #13-24",763870
"Blk 320 Lorong 7 Sin Ming, #02-45",564926
9 Jalan Intan,789956
"Blk 19 Jurong Central Street 87, #03-37",854015
41 Thomson Road,528623
"Blk 280 Jurong East Street 77, #05-10",212996
83 Pandan Valley Road,905742
"Blk 314 Sengkang Street 88, #12-31",873447
"Blk 41 Ang Mo Kio Street 34, #06-17",547876
"Blk 450 Woodlands Street 37, #06-10",901357
"Blk 285 Bedok Street 18, #08-45",859474
37 Simei Green,871446
11 Jalan Tua Kong,950526
"Blk 28 Lorong 5 Tanglin, #05-07",65680
5 Geylang Green,53700
"6 Chin Bee Crescent, #16-30",475606
7 Kallang Circle,8293
8 Jalan Kakatua,178999
7 Jalan Chempadek,733260
"3 Bukit Purmei Garden, #09-27",840762
"Blk 18 Bukit Merah Street 74, #11-28",484903
"Blk 49 Lorong 3 Pasir Ris, #08-30",184810
"Blk 119 Sengkang Street 14, #08-26",115145
"Blk 15 Marine Parade Street 13, #18-40",275805
5 Bukit Timah Court,638525
6 Jalan Teliti,13052
"1 Orchard Road Vista, #10-14",552900
42 Yishun Hill,414913
"Blk 332 Marine Parade Street 13, #15-10",695920
"Blk 147 Jurong East Street 25, #04-11",32251
"Blk 49 Serangoon Gardens Street 13, #08-44",261484
"Blk 455 Aljunied Street 32, #16-14",827452
17 Jalan Masjid,139598
4 Jurong Central Hill,567328
60 Ghim Moh Garden,30597
"Blk 163 Sengkang Street 84, #10-07",280053
11 Sennett Park,313618
"Blk 198 Serangoon North Street 39, #05-39",820159
"Blk 35 Geylang Street 24, #04-35",656787
64 Boon Lay Avenue,252364
9 Bedok Reservoir Park,462361
Blk 137 Teck Ghee Field,421686
"Blk 461 Bukit Panjang Street 12, #05-20",18861
77 Jalan Tiga Ratus,513853
"Blk 26 Lorong 1 Seletar, #15-22",691215
"Blk 43 Bedok Street 23, #16-37",822528
"Blk 401 Lorong 18 Jurong, #11-01",621988
"7 Geylang Drive, #05-31",578626
"Blk 461 Pasir Ris Street 18, #05-22",419939
"Blk 443 Serangoon North Street 74, #09-13",15152
"Blk 128 Kallang Street 82, #03-37",915811
"Blk 497 Lorong 2 Hillview, #02-37",231241
16 Clementi Garden,477962
"Blk 38 Clementi Street 22, #08-25",369743
"9 Tanjong Pagar Green, #10-12",771671
"Blk 417 Lorong 4 Chong Boon, #09-06",342826
"Blk 304 Lorong 8 Orchard Road, #02-31",160685
"Blk 38 Marine Parade Street 83, #03-36",321104
"Blk 163 Lorong 3 Yew Tee, #11-23",767229
4 Jalan Limau Balli,537901
"Blk 468 Sengkang Street 25, #06-27",146351
48 Rochor Vista,151110
"Blk 20 Jurong West Street 28, #14-41",495959
"Blk 387 Lorong 5 Aljunied, #11-43",190599
"66 Serangoon Gardens Crescent, #10-23",221868
"Blk 379 Lorong 5 Marsiling, #13-27",297808
1 Serangoon North Gate,450235
"Blk 40 Toa Payoh Street 24, #02-29",324100
"Blk 109 Lorong 14 Tanjong Pagar, #03-23",36688
"Blk 367 Jurong East Street 29, #03-14",237375
"Blk 345 Jurong West Street 72, #09-28",954211
67 Boon Lay Circle,165866
"Blk 204 Bukit Merah Street 32, #07-31",501685
"Blk 374 Toa Payoh Street 25, #12-01",522729
11 Jurong Lane,587546
70 Kembangan Terrace,84643
"Blk 299 Lorong 4 Bukit Ho Swee, #14-06",394557
"Blk 480 Lorong 2 Paya Lebar, #06-12",890685
15 Jalan Jambu Batu,769607
"17 Novena Heights, #01-38",656114
Blk 154 Jalan Chempah,995009
7 Kembangan Drive,341461
"Blk 25 Bukit Merah Street 84, #09-45",651719
"4 Bukit Merah Garden, #15-24",402869
38 Jalan Loyang Besar,598948
16 Potong Pasir Circle,213903
"Blk 28 Marine Parade Street 22, #17-04",360310
"9 Bartley Court, #05-33",70151
"Blk 109 Marsiling Park, #09-06",687067
68 Jalan Tari Lilin,728394
"Blk 22 Lorong 6 Geylang, #03-18",450594
Blk 168 Serangoon Gardens Field,113179
"Blk 403 Hougang Street 70, #02-45",840003
"70 Boon Lay Gate, #16-23",295523
19 Serangoon Gardens Center,405777
4 Jalan Wak Selat,961982
"Blk 22 Woodlands Street 15, #15-06",718675
3 Cheng San Circle,804164
"Blk 37 Geylang Street 14, #13-45",778161
"Blk 26 Yishun Street 79, #09-06",473041
Blk 127 Ghim Moh Avenue North,578239
"Blk 14 Ang Mo Kio Street 35, #08-42",81333
"Blk 18 Aljunied Street 73, #08-05",498522
3 Jalan Songket,171676
"8 Lavender Park, #16-37",395236
"4 Pandan Valley Field, #01-20",546752
3 Jalan Limau Kasturi,961374
"Blk 35 Bedok Street 37, #06-20",733332
"Blk 107 Yishun Street 30, #18-44",673352
"Blk 375 Geylang Street 12, #10-31",454876
"Blk 35 Tampines Street 89, #12-40",618244
81 Kembangan Terrace,346908
80 Jalan Ariff,709079
"Blk 46 Serangoon Gardens Street 29, #10-37",936181
"Blk 138 Hougang Street 70, #10-28",986737
"Blk 13 Woodlands Street 70, #04-17",449388
62 Caldecott Point,284519
5 Jalan Rama Rama,725928
"Blk 142 Clementi Field, #17-32",744183
"2 Bidadari Terrace, #11-27",410703
"Blk 41 Lorong 14 Toa Payoh, #08-25",390227
"9 Chin Bee Gate, #01-18",407673
87 Jalan Rajah,945087
"Blk 49 Lorong 6 Sengkang, #14-32",874656
71 Jalan Kampong Chantek,756421
43 Orchard Road Hill,169157
"Blk 123 Serangoon North Street 73, #17-32",742485
"Blk 390 Sengkang Street 79, #10-25",720330
"Blk 410 Jurong West Street 80, #10-11",991840
5 Boon Keng Estate,589255
2 Mattar Drive,12989
"Blk 15 Pasir Ris Street 29, #13-27",113333
"Blk 242 Woodlands Street 10, #05-18",894204
"2 MacPherson Court, #06-15",356670
5 Bukit Merah Heights,296808
7 Jalan Nuri,7996
"85 Novena Heights, #15-05",904577
"58 Dover Hill, #11-18",559896
86 Woodgrove Gate,102255
"Blk 13 Serangoon North Street 73, #13-40",182984
33 MacPherson Green,465229
2 Jalan Azam,181228
2 Jalan Lekub,133780
"Blk 341 Hougang Street 71, #15-28",886603
"Blk 36 Serangoon North Street 81, #18-40",693907
"Blk 26 Lorong 7 Bukit Batok, #01-45",155986
49 Yishun Lane,183668
75 Somerset Avenue,844364
54 Jalan Jambu Mawar,471641
64 Novena Road,886482
55 Innova Road,265132
"Blk 226 Jurong East Street 76, #17-04",761714
"Blk 12 Clementi Street 29, #15-16",708735
"Blk 329 Jurong West Street 77, #03-37",853493
2 Jalan Siap,567602
81 Lavender Field,21636
75 Bukit Batok Park,418287
32 Watten Gate,156930
"Blk 458 Lorong 2 Bencoolen, #03-44",246422
"8 Kallang Garden, #07-40",695933
36 Watten Estate,748815
26 Woodlands Junction,702505
35 Bedok Reservoir Park,438531
"Blk 165 Sengkang Street 72, #10-04",699516
"Blk 38 Bukit Panjang Street 33, #17-38",606372
"Blk 345 Sengkang Street 16, #05-14",645967
"Blk 288 Jurong Central Street 17, #02-25",726596
45 Jalan Papan,783550
"Blk 341 Ang Mo Kio Street 81, #06-25",72562
37 Watten Avenue,962781
"Blk 15 Serangoon Gardens Street 23, #11-08",314928
38 Jalan Uji,361476
62 Jalan Anak Bukit,635783
"Blk 493 Jurong Central Street 89, #10-29",331959
82 Jalan Novena Timor,714518
"Blk 17 Jurong Central Street 71, #17-07",368599
5 Simpang Center,942866
"Blk 127 Aljunied Street 39, #17-03",483965
9 Buangkok Hill,468956
"Blk 251 Sengkang Street 11, #03-41",940679
"Blk 28 Sengkang Street 18, #09-10",580160
"Blk 339 Aljunied Street 14, #01-23",270395
16 Bukit Timah Avenue,831048
83 Geylang East Junction,795029
"Blk 275 Lorong 2 Jurong, #04-34",524561
"53 Jurong East Point, #13-07",669718
6 MacPherson Green,487989
"Blk 317 Tampines Street 75, #03-45",960012
"Blk 10 Geylang Street 29, #16-43",919833
5 Jalan Selasah,639966
"Blk 34 Kallang Street 20, #08-42",635814
"35 Buangkok Walk, #14-05",409521
89 Jalan Riang,940130
80 Bencoolen Avenue North,812018
"Blk 16 Ang Mo Kio Street 89, #10-15",565909
9 Kallang Center,724161
"Blk 20 Marine Parade Street 85, #08-31",428237
"2 Bidadari Estate, #01-38",904874
"Blk 43 Ang Mo Kio Street 21, #16-37",987166
"Blk 358 Bedok Street 77, #15-37",18806
"84 Chong Pang Point, #12-23",296323
53 Woodgrove Junction,503512
Blk 135 Nanyang View,393236
"Blk 46 Kallang Street 85, #05-18",375401
52 Jalan Sappan,246075
54 Bukit Ho Swee Avenue,772330
"51 Ang Mo Kio Gate, #16-14",356891
"Blk 153 Sengkang Street 38, #04-33",181515
44 Orchard Road Circle,245317
2 Sin Ming Lane,867251
"Blk 29 Geylang Street 78, #15-20",152349
"Blk 129 Geylang Street 80, #13-38",940340
"Blk 21 Marine Parade Street 16, #11-17",648406
6 Queenstown Park,417354
"Blk 356 Pasir Ris Street 24, #06-45",535823
"Blk 295 Geylang East Street 14, #05-35",309462
"Blk 45 Hougang Street 26, #15-22",767021
"Blk 22 Lorong 3 Kembangan, #04-20",949528
"Blk 173 Lorong 5 Teck Ghee, #09-44",755827
5 Yuhua Road,356971
"Blk 408 Lorong 7 Pandan Valley, #01-27",476193
"Blk 36 Geylang Street 25, #08-37",438967
"Blk 404 Ang Mo Kio Street 75, #13-11",515760
9 Jalan Masjid,599755
"Blk 180 Lorong 6 Chong Boon, #10-44",160414
"Blk 10 Lorong 6 Yew Tee, #08-33",950624
81 Ang Mo Kio Lane,421479
87 Telok Blangah Circle,236460
"Blk 10 Bukit Merah Street 76, #14-44",971034
62 Pasir Panjang Avenue North,415639
"Blk 26 Sengkang Street 22, #14-20",990784
"Blk 262 Yishun Street 21, #18-32",526617
"9 Boon Keng Point, #10-09",866120
9 Teck Ghee Avenue North,854411
"Blk 10 Woodlands Street 20, #08-31",281406
"5 Pasir Panjang Walk, #12-28",236879
31 Punggol View,145745
2 Jalan Labu,184853
32 Innova Circle,336142
"Blk 352 Bukit Merah Street 18, #13-20",123126
"Blk 13 Lorong 14 Yew Tee, #13-21",924628
"Blk 42 Bukit Panjang Street 28, #02-39",391895
9 Thomson Vista,525968
"Blk 188 Pioneer Estate, #01-05",524950
"Blk 13 Ang Mo Kio Street 86, #15-22",765068
"Blk 156 Woodlands Street 28, #03-35",45994
"Blk 237 Jurong Central Street 25, #12-12",41887
5 Jalan Merlimau,897764
11 Pandan Valley Avenue North,24161
70 Serangoon Gardens Drive,341042
"24 Boon Lay Vista, #16-23",78001
"Blk 24 Pasir Ris Street 81, #08-11",340561
6 Jalan Nam Seng,74326
"2 Boon Lay Junction, #05-24",161688
39 Chin Bee Estate,401408
3 Teck Ghee Avenue North,711737
28 Jurong East Estate,823127
41 Jalan Pelatina,75085
"Blk 14 Aljunied Street 14, #06-16",695243
"2 Simpang Lane, #11-26",153262
"Blk 318 Jurong East Street 37, #05-42",875733
"Blk 47 Bukit Merah Street 14, #13-41",7950
"Blk 12 Aljunied Street 39, #09-31",120604
"66 Kallang Heights, #13-45",819003
"Blk 333 Sengkang Street 37, #17-03",973065
2 Jalan Pasar Baru,450788
"76 Lok Yang Drive, #08-35",612036
"Blk 366 Kallang Street 16, #01-25",724567
"5 Clementi View, #18-25",852980
"Blk 396 Lorong 7 MacPherson, #13-11",953697
6 Jalan Lekar,158375
3 Bukit Ho Swee Circle,197297
8 Jalan Tari Dulang,827928
"Blk 22 Hougang Street 73, #04-06",532777
4 Jalan Tupai,452332
17 Cheng San Gate,702884
"Blk 378 Woodlands Street 28, #05-39",182079
2 Jurong West Drive,712805
Blk 103 Geylang East Road,996348
6 Ang Mo Kio Terrace,523932
"Blk 263 Lorong 7 Dover, #08-02",201572
"3 Serangoon Lane, #09-40",740029
"Blk 328 Yishun Street 77, #05-07",341628
"Blk 356 Kallang Street 34, #16-26",784080
"60 Pasir Panjang Avenue North, #08-01",892514
7 Tanjong Pagar Court,872059
1 Bedok Reservoir View,266895
"Blk 12 Hougang Street 72, #14-03",970126
"Blk 31 Aljunied Street 32, #09-41",321891
"Blk 367 Marine Parade Street 71, #11-28",140668
5 Jalan Pacheli,709808
28 Jalan Tenon,340958
"Blk 36 Serangoon Gardens Street 16, #12-25",379633
"Blk 447 Lorong 3 Bukit Timah, #04-21",586790
"84 Seletar Road, #16-19",46911
4 Jalan Mutiara,819760
8 Jalan Sultan,117737
23 Jalan Girang,169009
Blk 144 Geylang East Avenue,765150
"Blk 268 Bedok Street 84, #07-03",351551
Blk 168 Jalan Lengkok Sembawang,596124
9 Jalan Tabur,93915
"Blk 290 Ang Mo Kio Street 74, #09-06",337565
73 Simpang Hill,283322
"Blk 453 Kallang Street 80, #10-13",346363
"Blk 281 Geylang Street 29, #07-04",362027
2 Mandai Walk,815412
"Blk 26 Bedok Street 19, #03-37",284025
"85 Dover Garden, #13-11",161698
"Blk 481 Toa Payoh Street 15, #06-44",647000
"Blk 18 Geylang East Street 11, #12-20",933701
"Blk 26 Marine Parade Street 24, #01-02",858742
"Blk 28 Hougang Street 13, #01-44",538582
51 Commonwealth View,427427
"Blk 394 Lorong 6 Lok Yang, #06-16",958564
"17 Jurong Central Point, #12-21",842023
"Blk 128 Boon Lay Street 13, #03-15",254686
"Blk 342 Lorong 2 Dunearn, #08-45",850799
"Blk 30 Ang Mo Kio Street 35, #08-08",888284
23 Jalan Bukit Merah,184044
"Blk 23 Serangoon North Street 21, #09-34",827946
"Blk 491 Serangoon Gardens Street 24, #03-11",652570
1 Pasir Panjang Gate,250846
"Blk 12 Lorong 5 Fidelio, #09-17",603175
"Blk 352 Marine Parade Street 34, #16-29",976851
"2 Bedok Reservoir Lane, #17-25",207314
"Blk 38 Boon Lay Street 37, #07-02",397354
"Blk 18 Woodlands Street 82, #17-03",302065
"Blk 32 Lorong 4 Watten, #10-29",268128
"Blk 421 Jurong West Street 10, #14-34",174256
9 MacPherson Lane,959227
"Blk 42 Lorong 7 Yew Tee, #12-16",444457
"7 Joo Koon Circle, #11-21",884799
41 Bidadari Hill,292133
"Blk 15 Jurong Central Street 23, #13-23",84015
"Blk 135 Lorong 3 Geylang, #06-03",785272
5 Jalan Tari Dulang,352620
5 Jalan Chorak,86348
43 Jalan Tari Lilin,996864
22 Bedok Reservoir Center,221144
59 Sengkang Field,885761
"Blk 47 Lorong 6 Sennett, #15-41",205546
"1 Anson Road Gate, #06-20",407640
"Blk 254 Lorong 6 Serangoon North, #17-22",687612
"7 Buona Vista Road, #07-22",791109
"59 Sungei Gedong Park, #03-28",334111
7 Jalan Tekad,554804
"Blk 14 Bukit Merah Street 12, #14-13",869188
"Blk 15 Clementi Street 26, #11-16",219072
4 Bukit Timah Avenue,23557
68 Dunearn Heights,782520
"Blk 31 Hougang Street 38, #02-41",635576
"7 Balestier View, #03-33",140864
"Blk 16 Tampines Street 79, #10-36",189824
3 Caldecott Court,387815
9 Ang Mo Kio Road,211777
1 Tiong Bahru Gate,951367
"Blk 459 Lorong 8 Bukit Gombak, #03-04",998029
"Blk 400 Bukit Panjang Street 33, #17-28",588408
8 Jalan Mawal,2380
"Blk 143 Kallang Street 21, #16-03",782913
"Blk 13 Sengkang Street 17, #13-01",184065
"Blk 257 Hougang Street 25, #01-06",497564
5 Jalan Kelempong,664456
"Blk 175 Ang Mo Kio Street 10, #15-01",68358
"Blk 10 Lorong 8 Frankel, #15-39",323047
51 Ghim Moh Terrace,655885
"85 Hillview Court, #16-19",936123
Blk 178 Jalan Azam,914587
"Blk 20 Marine Parade Street 20, #04-28",248895
"Blk 152 Lorong 1 Paya Lebar, #06-28",540767
"Blk 102 Lorong 8 Ang Mo Kio, #02-08",154709
"4 Chong Pang Vista, #03-35",385085
3 Jalan Gelegar,142200
2 Jalan Hock Chye,941449
"8 Caldecott Garden, #16-22",251730
"Blk 22 Jurong East Street 75, #10-33",832781
"Blk 21 Aljunied Street 38, #18-28",126632
"Blk 33 Yishun Street 33, #17-06",410781
"3 Buangkok Hill, #16-42",788729
1 Bukit Ho Swee Gate,873062
"Blk 22 Serangoon North Street 72, #03-21",444015
"4 Tanglin View, #12-17",838335
8 Paya Lebar Lane,840273
"Blk 443 Yishun Street 70, #06-28",841049
"Blk 153 Commonwealth Terrace, #02-42",205783
85 Jalan Kayu Estate,117185
"Blk 261 Kallang Street 39, #10-31",45158
"9 Chong Boon Walk, #10-40",98833
"Blk 444 Geylang Street 77, #16-01",30061
78 Jalan Melor,685154
8 Lavender Drive,411827
"Blk 106 Telok Blangah Road, #09-14",77976
44 Kallang Garden,87685
"Blk 39 Clementi Street 30, #04-29",130242
45 Jurong Central Lane,244901
"Blk 44 Bedok Street 39, #02-43",661544
69 Tiong Bahru Avenue,902941
"Blk 40 Serangoon North Street 10, #02-20",162424
5 Yew Tee Vista,400561
62 Jalan Hock Chye,792106
"48 Fidelio Gate, #10-35",123259
"Blk 348 Ang Mo Kio Street 18, #02-28",312968
"Blk 11 Jurong West Street 89, #08-05",245395
7 Sin Ming Circle,436965
"9 Telok Blangah Road, #08-19",575978
"Blk 38 Lorong 7 Punggol, #15-31",422221
Blk 122 Bukit Timah Green,623814
"Blk 20 Bedok Street 72, #18-01",27209
"Blk 197 Lorong 15 Jurong West, #04-22",779714
Blk 152 Potong Pasir Crescent,440282
"8 Clementi Avenue, #14-07",260455
"Blk 133 Lorong 7 Tengah, #06-06",757312
"Blk 137 Jurong East Street 34, #13-02",744298
"Blk 151 Bukit Ho Swee Walk, #12-20",719239
"Blk 10 Ang Mo Kio Street 26, #07-36",802655
34 Lavender Avenue,797839
"Blk 264 Lorong 1 Sungei Gedong, #01-30",431931
1 Jalan Siap,790692
73 Jalan Lebat Daun,64881
"Blk 15 Jurong West Street 35, #17-19",944174
"Blk 272 Yishun Street 16, #05-45",931891
"Blk 10 Hougang Street 34, #15-23",620493
"Blk 26 Serangoon Gardens Street 36, #16-41",510587
7 Potong Pasir Walk,293850
9 Bukit Purmei Estate,365353
18 Rochor View,687880
"Blk 316 Lorong 2 Rochor, #07-12",427399
"80 Ghim Moh Court, #09-41",206846
"Blk 47 Boon Lay Street 29, #14-25",779993
32 Toa Payoh Gate,631153
"Blk 30 Jurong East Street 11, #07-38",502722
"Blk 188 Bukit Panjang Street 78, #12-42",214201
"Blk 374 Pasir Ris Street 79, #17-01",510412
"77 Woodlands View, #14-28",99197
"Blk 489 Yishun Street 19, #02-19",547313
"5 Lavender Park, #11-19",507821
"59 Novena Lane, #09-18",917720
"8 Queenstown Junction, #07-11",741057
5 Jalan Selangat,225586
"Blk 152 Bukit Merah Street 29, #01-32",2812
3 Jalan Bahasa,246750
"Blk 384 Yishun Street 88, #10-44",254061
"4 Toa Payoh Gate, #12-28",453512
29 Jalan Grisek,403290
1 Jalan Kilang Barat,550193
37 Watten Lane,520864
"Blk 37 Sengkang Street 24, #03-35",449574
"57 Lavender Gate, #18-22",215172
70 Novena Avenue,232784
"8 Tengah Walk, #02-15",902231
32 Jalan Kelabu Asap,635789
75 Jalan Sikudangan,119115
"Blk 157 Aljunied Street 71, #14-21",729404
1 Jurong West Junction,86188
"Blk 161 Geylang Street 21, #08-40",831572
"89 Novena Vista, #04-10",162967
1 Gek Poh Ville Terrace,10690
"Blk 130 Jurong East Street 30, #10-38",661756
9 Woodlands Field,177483
"Blk 274 Lorong 7 Bidadari, #13-21",992312
"Blk 46 Geylang Street 25, #05-20",1515
74 Bugis Vista,417555
"Blk 114 Lorong 6 Geylang, #13-29",248438
7 Rochor Junction,271237
10 Jalan Pari Dedap,50545
18 Ang Mo Kio Heights,342933
87 Pasir Ris Field,966202
"Blk 41 Hougang Street 88, #09-25",616481
"Blk 402 Bukit Merah Street 88, #02-28",952180
"Blk 38 Woodlands Street 20, #08-24",468344
"Blk 372 Jurong Central Street 84, #18-15",27659
"Blk 35 Serangoon Gardens Street 29, #11-40",373739
61 Watten Point,161260
60 Simei Walk,618731
"8 Bedok Reservoir Hill, #17-38",315041
"Blk 33 Ang Mo Kio Street 28, #15-14",999353
"Blk 39 Yishun Street 89, #04-36",216810
"27 Jurong West Field, #17-43",326255
"Blk 266 Ang Mo Kio Street 23, #04-42",763610
"Blk 315 Lorong 7 Buona Vista, #05-11",666316
87 Jalan Sajak,995773
5 Tampines Garden,689011
"7 Anson Road Center, #16-40",204606
"Blk 176 Lorong 4 Kallang, #15-14",410009
41 Jalan Penjara,68691
15 Jalan Geneng,587473
"Blk 271 Lorong 8 Tai Seng, #04-42",37705
77 Jalan Serengam,647013
39 Bukit Merah View,872811
"53 Dover Junction, #08-10",247470
"Blk 13 Geylang Street 30, #14-18",58739
35 Jalan Limau Bali,151305
59 Jalan Ulu Siglap,36911
"Blk 338 Toa Payoh Street 13, #12-23",777625
53 Tengah Green,888090
"35 Bencoolen Park, #04-11",937512
79 Jalan Kemuning,152249
"Blk 13 Bukit Merah Street 19, #07-01",894824
"Blk 194 Lorong 5 Tiong Bahru, #04-11",15887
"Blk 47 Sengkang Street 34, #15-28",837983
"Blk 233 Toa Payoh Street 23, #16-20",41129
"Blk 16 Kallang Street 22, #13-28",333031
"Blk 48 Geylang Street 11, #01-09",546543
"Blk 38 Tampines Street 83, #03-13",820032
"9 Orchard Road Point, #15-32",957620
"7 Novena Walk, #09-12",982523
"89 Dunearn Drive, #14-40",975923
"Blk 49 Boon Lay Street 34, #17-40",696999
"Blk 31 Serangoon Gardens Street 13, #12-23",79460
7 Jalan Haji Alias,133207
"Blk 36 Woodlands Street 89, #14-10",850366
74 Serangoon North Terrace,487886
"Blk 32 Geylang East Street 83, #11-24",31284
"Blk 33 Jurong East Street 34, #07-19",97962
6 Jalan Lepas,593022
"Blk 117 Yishun Street 13, #03-21",969285
7 Paya Lebar Lane,643837
"Blk 113 Geylang Street 77, #12-45",213540
"Blk 49 Serangoon Gardens Street 32, #18-06",265462
"Blk 11 Bedok Street 32, #06-08",37298
7 Geylang Road,515659
"Blk 27 Lorong 1 Tampines, #18-12",940234
15 Serangoon Gardens Estate,40659
"Blk 169 Jurong East Street 31, #08-34",685370
4 Jurong West Junction,979732
"62 Bukit Purmei Hill, #13-27",415059
"Blk 440 Jurong East Street 28, #03-08",199779
47 Bukit Purmei View,311182
"Blk 435 Kallang Street 22, #07-15",802111
38 Jalan Jendela,620778
7 Woodlands Field,255096
"Blk 26 Bukit Merah Street 23, #07-27",63587
33 Dover Avenue North,557419
"Blk 319 Lorong 5 Buangkok, #17-25",695139
"Blk 283 Marine Parade Street 79, #10-07",643595
"Blk 46 Lorong 4 Jurong, #10-35",22892
"Blk 38 Serangoon Gardens Street 70, #05-20",284973
"Blk 352 Jurong East Street 21, #04-20",90607
46 Buangkok Hill,212838
"Blk 482 Lorong 5 Punggol, #05-33",125290
"41 Sengkang Lane, #08-37",174909
4 Woodlands Circle,36027
"4 Tanjong Pagar View, #16-14",706425
79 Buona Vista View,755552
"Blk 23 Woodlands Street 30, #17-32",988754
"84 Seletar Avenue, #16-39",397926
65 Jalan Kukoh,855980
79 Bukit Ho Swee Walk,530157
"Blk 38 Jurong West Street 20, #14-45",863979
45 Jalan Kupang,779880
Blk 105 Aljunied Circle,427905
"40 Pioneer Terrace, #07-25",337868
"7 Bencoolen Heights, #04-24",499266
"Blk 17 Tampines Street 24, #01-04",93264
8 Pioneer Hill,169199
"2 Bukit Merah Heights, #13-08",860419
"Blk 277 Hougang Street 27, #08-32",305625
2 Kallang Terrace,880064
"Blk 26 Lorong 7 Seletar, #15-15",559951
71 Pioneer Hill,7027
4 Seletar Estate,972438
"Blk 249 Ang Mo Kio Street 75, #08-18",82255
"Blk 37 Lorong 7 Choa Chu Kang, #02-22",950747
"5 Potong Pasir Gate, #07-29",538944
"83 Telok Blangah Center, #10-24",364646
"Blk 14 Jurong Central Street 72, #13-06",57996
82 Jalan Langgar Bedok,147753
4 Jalan Antoi,112454
"Blk 16 Pasir Ris Street 32, #04-12",556334
"Blk 466 Jurong West Street 26, #07-10",652064
"Blk 166 Woodlands Street 38, #06-40",444776
"Blk 177 Tampines Street 32, #14-38",576278
"Blk 498 Lorong 5 Woodgrove, #05-19",561139
54 Pasir Panjang Field,844635
"Blk 292 Lorong 15 Sengkang, #13-12",980476
"7 Bukit Batok Drive, #16-32",998219
"6 Shunfu Park, #16-30",912965
"Blk 34 Bukit Merah Street 12, #05-18",965714
"Blk 387 Marine Parade Street 87, #14-03",111628
"Blk 16 Lorong 3 Ghim Moh, #04-37",754604
48 Jurong Central Point,392280
"Blk 476 Lorong 4 Teck Ghee, #02-34",8636
5 Jalan Leban,539179
"Blk 12 Marine Parade Street 32, #08-13",120249
7 Jalan Hikayat,14442
"Blk 295 Sengkang Street 39, #04-16",10077
"Blk 30 Toa Payoh Street 27, #14-38",223081
7 Chin Bee Walk,757023
"Blk 19 Geylang Street 70, #08-26",643584
4 Shunfu Point,842502
59 Jalan Derum,542770
7 Jalan Lakum,602516
9 Rochor Heights,567294
5 Cheng San Lane,384771
"Blk 30 Bedok Street 20, #05-04",245314
"Blk 267 Geylang East Street 88, #13-22",370349
"Blk 487 Bedok Street 73, #04-04",425281
1 Jalan Angin Laut,760553
10 Jalan Korban,866723
"Blk 47 Clementi Street 25, #05-43",879841
79 Simpang Lane,497507
6 Jalan Gelenggang,226238
"Blk 49 Lorong 2 Sungei Gedong, #06-34",579190
"Blk 25 Bukit Merah Street 19, #15-33",651136
"Blk 27 Ang Mo Kio Street 84, #04-06",564341
"Blk 11 Bukit Merah Street 23, #09-39",139335
55 Hillview Field,492294
"88 Punggol Crescent, #04-40",72802
"Blk 28 Lorong 6 Pasir Ris, #04-13",373128
"Blk 104 Lorong 5 Queenstown, #03-02",527201
"Blk 255 Lorong 6 Rochor, #17-05",51918
"Blk 472 Lorong 7 Paya Lebar, #10-21",93878
8 Novena Court,543754
3 Serangoon North Hill,727866
"8 Bukit Gombak Center, #18-10",852088
5 Sungei Gedong Field,846849
"Blk 44 Serangoon North Street 30, #04-23",904611
"Blk 390 Jurong East Street 33, #07-15",611932
"Blk 24 Hougang Street 30, #03-18",993343
"Blk 25 Clementi Street 30, #14-08",403341
"Blk 154 Sengkang Street 36, #03-40",186849
"56 Yishun Garden, #17-45",931287
47 Sungei Gedong View,945568
"Blk 164 Serangoon Gardens Street 36, #01-28",507541
31 Yew Tee Road,492626
19 Jalan Keli,868486
"Blk 47 Geylang Street 37, #03-17",775713
"1 Bugis Garden, #18-36",273738
87 Cheng San Heights,977866
5 Dunearn Avenue,811383
33 Jalan Bingka,531655
"Blk 25 Ang Mo Kio Street 34, #13-12",279008
"Blk 222 Pasir Ris Street 37, #16-42",711381
"9 Tengah Heights, #09-14",997662
8 Bukit Ho Swee Junction,633717
"Blk 18 Clementi Street 18, #10-37",464647
"29 Sennett Crescent, #18-26",747480
"Blk 37 Jurong Central Street 18, #05-30",125239
"Blk 159 Bukit Merah Street 17, #01-15",731478
"Blk 219 Jurong West Street 36, #01-07",398984
4 Jalan Selimang,173718
63 Nanyang Center,254489
"Blk 32 Ang Mo Kio Street 18, #04-23",748582
57 Cairnhill Circle,354018
6 Woodlands Park,424154
46 Watten View,263227
"Blk 21 Sengkang Street 37, #15-09",201962
65 Bedok Reservoir Crescent,391671
"Blk 36 Tampines Street 39, #16-21",707544
7 Bugis Avenue,216102
"Blk 39 Lorong 4 Ang Mo Kio, #10-15",272960
Blk 193 Jalan Singa,270292
53 Bencoolen Drive,834232
18 Jurong West Estate,785961
"7 Aljunied Park, #02-28",192746
"Blk 181 Telok Blangah Heights, #05-35",330713
"1 Joo Koon Gate, #06-09",247677
"2 Commonwealth Lane, #10-27",881442
"Blk 207 Bedok Street 72, #09-20",954367
58 Tiong Bahru Point,987580
1 Frankel Road,946339
"Blk 312 Geylang East Street 20, #13-40",780125
4 Gek Poh Ville Crescent,429270
"7 Woodlands Court, #04-28",358472
"Blk 30 Kallang Street 27, #07-13",357429
"Blk 45 Woodlands Street 87, #05-39",554563
2 Joo Koon Hill,504928
7 Jalan Leban,494440
2 Cheng San Green,672911
Blk 173 Watten Road,159175
21 Jalan Jentera,696379
"8 Jurong West Heights, #16-24",865135
78 Jalan Nuri,575582
66 Cairnhill Hill,193049
"5 Sennett Drive, #02-20",747494
6 Jalan Puteh Jerneh,171829
"Blk 18 Jurong Central Street 76, #15-13",872873
"Blk 449 Aljunied Street 86, #16-11",3831
59 Telok Blangah Point,422222
"Blk 42 Pasir Ris Street 21, #12-14",514121
"Blk 37 Serangoon Gardens Street 78, #15-27",124688
77 Sennett Crescent,769109
"Blk 266 Lorong 3 Woodgrove, #01-32",755150
1 Jalan Lengkong Tiga,205433
"Blk 206 Geylang Street 85, #14-11",424882
"Blk 49 Geylang East Street 34, #07-11",800328
"14 Buona Vista Court, #08-27",50321
"Blk 35 Serangoon Gardens Street 13, #01-06",745660
"8 Dover Center, #05-11",99550
"Blk 468 Boon Lay Street 84, #13-31",48219
5 Jurong Vista,75295
"Blk 32 Lorong 8 Tai Seng, #13-16",752207
"Blk 15 Kallang Street 16, #18-36",351399
13 Jurong Central View,754893
65 Jalan Chempadek,529662
5 Jalan Merbok,712046
"Blk 382 Hougang Street 25, #16-11",736386
22 Sengkang Park,639309
"Blk 44 Boon Lay Street 71, #04-31",656729
"Blk 476 Tampines Street 13, #15-02",739469
"Blk 41 Bukit Merah Street 29, #13-04",278264
"Blk 416 Serangoon Gardens Street 70, #09-14",348684
9 Jalan Rebana,113402
"Blk 29 Jurong East Street 25, #06-29",448220
"Blk 262 Pasir Ris Street 26, #04-01",27330
"Blk 400 Lorong 10 Geylang East, #10-41",758372
"Blk 28 Serangoon Gardens Street 38, #08-24",806936
"42 Jurong Central Hill, #06-17",246952
"Blk 385 Bukit Merah Street 37, #11-34",13596
"Blk 317 Kallang Street 18, #12-26",585681
"Blk 37 Bedok Street 12, #03-17",781189
7 Jalan Tenteram,269646
Blk 169 Jalan Jati,653450
"Blk 42 Hougang Street 31, #14-33",515819
7 Jalan Jambo Ayer,338859
"Blk 13 Bukit Panjang Street 78, #15-05",898188
9 Jalan Bungai Rampai,987658
62 Frankel Estate,400153
"Blk 483 Woodlands Street 77, #17-38",941217
"Blk 21 Aljunied Street 27, #01-37",676721
5 Jalan Gapis,715380
"Blk 42 Toa Payoh Street 80, #18-20",589606
2 Jalan Labu Ayer,764882
"Blk 388 Bukit Merah Street 37, #08-43",48975
7 Lim Chu Kang Court,588966
36 Mattar Avenue North,867647
"81 Serangoon Park, #02-36",770446
"Blk 310 Lorong 2 Sungei Gedong, #05-22",399193
10 Chong Pang Terrace,760708
"4 Jurong Vista, #10-09",555091
22 Jalan Lekub,927140
12 Bedok Reservoir Walk,179831
"Blk 203 Kallang Street 36, #07-34",169836
"Blk 32 Bukit Panjang Street 29, #06-32",180703
"Blk 43 Lorong 5 Thomson, #14-13",200588
"Blk 222 Clementi Street 34, #06-29",800121
"Blk 331 Sengkang Street 11, #07-04",182719
Blk 138 Tanglin Green,890795
Blk 198 Mandai Walk,917375
"Blk 41 Tampines Street 33, #18-21",308514
9 Lok Yang Vista,634916
9 Woodgrove Walk,222464
"Blk 20 Lorong 7 Potong Pasir, #09-24",994863
"8 Kallang Green, #10-45",93529
"Blk 351 Lorong 2 Bidadari, #08-11",943116
12 Jalan Shaer,480382
64 Ang Mo Kio Lane,951005
"Blk 42 Hougang Street 30, #08-13",806646
88 Serangoon Gardens Junction,666446
"Blk 401 Ang Mo Kio Street 13, #03-15",472584
"Blk 463 Lorong 18 Boon Keng, #05-20",694880
5 Buangkok Avenue North,248085
"Blk 164 Jurong East Street 38, #08-02",580133
"Blk 21 Boon Lay Street 15, #16-14",206063
"Blk 358 Jurong East Street 80, #08-43",497516
"Blk 327 Serangoon Gardens Street 16, #16-10",384538
"Blk 178 Yishun Street 78, #13-16",479456
"Blk 24 Yishun Street 70, #03-41",527705
5 Jalan Pinang,941651
"Blk 193 Jurong Central Street 27, #11-15",949614
"Blk 46 Lorong 5 Joo Koon, #01-30",963354
5 Jalan Enam,369027
9 Telok Blangah Hill,871575
"Blk 10 Kallang Street 77, #13-15",927713
2 Jalan Nallur,106259
"9 Shunfu Vista, #17-16",24639
"Blk 48 Lorong 4 Caldecott, #11-04",270562
45 Dunearn Lane,686167
"11 MacPherson Terrace, #02-37",679988
"Blk 465 Lorong 5 Punggol, #11-40",70090
"7 Boon Keng Gate, #02-41",798024
"Blk 106 Bedok Street 84, #11-40",532861
61 Cairnhill Vista,428409
73 Jalan Klapa,714543
"7 Thomson Crescent, #03-26",387866
"Blk 434 Jurong Central Street 78, #06-26",913024
"Blk 339 Jurong West Street 13, #10-21",162551
"Blk 203 Serangoon Gardens Street 23, #09-25",134696
42 Shunfu Hill,279845
"Blk 35 Marine Parade Street 72, #05-13",329256
6 Thomson View,684894
"Blk 120 Clementi Crescent, #17-05",742196
"Blk 42 Serangoon North Street 74, #07-39",946050
"Blk 340 Boon Lay Street 33, #10-23",387476
2 Rochor Vista,488702
"9 Serangoon Junction, #16-17",901204
"Blk 468 Geylang Street 70, #16-15",617351
1 Bukit Ho Swee Walk,492634
"Blk 14 Lorong 4 Dover, #02-36",986797
"4 Serangoon Point, #15-43",596114
"Blk 45 Ang Mo Kio Street 27, #11-26",146179
9 Bugis Drive,878010
"Blk 296 Lorong 3 Hougang, #02-43",680761
"8 Yishun Vista, #16-37",988167
8 Bukit Timah Gate,47449
"Blk 25 Yishun Street 33, #17-44",32688
"Blk 14 Lorong 1 Paya Lebar, #17-42",522994
5 Jalan Chermai,309805
4 Tanglin Junction,265943
3 Hillview Garden,172668
"Blk 398 Pasir Ris Street 32, #16-13",169794
"Blk 12 Yishun Street 85, #08-09",528297
"Blk 167 Lorong 7 Bukit Ho Swee, #15-02",979580
4 Bencoolen Park,538280
"Blk 307 Yishun Street 23, #03-04",481023
"Blk 43 Jurong East Street 81, #05-26",754752
"Blk 41 Serangoon North Street 82, #18-01",255212
"Blk 30 Serangoon North Street 86, #09-25",550937
"Blk 368 Toa Payoh Street 80, #16-22",571793
26 Jalan Yasin,462881
"Blk 158 Serangoon Gardens Street 14, #16-09",843441
3 Jalan Mat Jambol,700936
"Blk 18 Lorong 7 Shunfu, #03-28",299722
"21 Frankel Crescent, #03-18",331843
"Blk 392 Geylang Street 30, #14-29",595048
2 Bedok Road,590690
47 Bukit Ho Swee Junction,830289
"Blk 44 Hougang Street 17, #03-41",312095
2 Jalan Rendang,648326
"Blk 145 Marine Parade Street 19, #10-16",871720
"Blk 20 Aljunied Street 29, #09-40",832696
24 Jalan Bahar,890640
"Blk 23 Aljunied Street 83, #12-38",445544
6 Jalan Rengkam,215729
7 Jalan Marzuki,671068
3 Seletar Avenue,384612
"Blk 26 Aljunied Street 71, #10-19",831195
"Blk 306 Lorong 8 Pandan Valley, #12-08",156282
45 Yuhua Terrace,927538
"Blk 32 Tampines Street 31, #15-28",15510
5 Jalan Yasin,437595
1 Boon Keng Drive,170760
55 Anson Road Vista,59065
"Blk 291 Jurong West Street 14, #03-12",176529
"31 Hougang Gate, #14-21",523032
"Blk 16 Serangoon Gardens Street 15, #08-42",981391
"Blk 31 Woodlands Street 77, #17-40",552412
"8 Bugis Walk, #09-15",203909
"Blk 240 Jurong East Street 14, #16-29",698314
8 Tai Seng Avenue,33484
5 Jalan Minggu,540449
"Blk 30 Jurong West Street 30, #13-44",182987
2 Anson Road Vista,57180
"Blk 374 Marine Parade Street 13, #03-09",416756
4 Chong Boon Green,769871
"Blk 411 Tampines Street 13, #13-29",342859
5 Bukit Batok Field,568438
"Blk 443 Lorong 6 Innova, #10-35",238760
56 Jalan Tambur,285686
"Blk 312 Lorong 1 Lavender, #03-43",906575
1 Bukit Merah Garden,377379
39 Jurong Central Garden,501597
"Blk 234 Lorong 19 Ghim Moh, #03-18",61279
"Blk 435 Jurong East Street 74, #02-26",815919
13 Potong Pasir Park,730359
"2 Jurong West Green, #01-11",883740
"6 Jurong Central Point, #01-26",466360
"Blk 43 Jurong Central Street 29, #10-30",275189
"Blk 152 Serangoon North Street 34, #03-40",657904
"Blk 22 Jurong West Street 13, #06-17",621500
"Blk 352 Lorong 6 Woodgrove, #15-17",754189
3 Sengkang Avenue,216484
"6 Woodgrove Avenue, #02-43",270639
"2 Admiralty Road, #04-38",719619
"Blk 18 Bedok Street 79, #05-21",180988
"Blk 25 Boon Lay Street 32, #03-40",297612
"Blk 23 Lorong 3 Jurong, #16-17",287965
52 Jalan Gali Batu,797158
"Blk 358 Boon Lay Street 76, #12-26",175609
"Blk 240 Aljunied Street 28, #11-39",847503
"Blk 45 Toa Payoh Street 17, #16-44",167046
"Blk 44 Bukit Panjang Street 32, #07-22",115512
4 Jalan Merdu,851545
"Blk 140 Buona Vista Crescent, #17-35",126106
4 Tampines Terrace,642773
4 Punggol Crescent,890051
"Blk 459 Toa Payoh Street 17, #07-44",751826
"Blk 391 Bukit Merah Street 22, #17-36",101450
"Blk 168 Tampines Street 77, #02-38",958613
65 Jalan Lam Huat,148397
4 Jalan Korma,928127
"3 Farrer Lane, #12-22",384245
"Blk 114 Kallang Street 87, #05-30",218339
"3 Somerset Avenue, #01-37",489050
88 Jalan Kilang,942795
"Blk 353 Pasir Ris Street 22, #03-14",138161
"13 Potong Pasir View, #12-05",68147
9 Jalan Empat,744229
44 Dover View,713492
4 Jalan Chempaka Kuning,559648
7 Jalan Pari Unak,620491
"Blk 417 Lorong 7 Aljunied, #13-01",931669
4 Mandai Avenue North,361535
"Blk 22 Jurong Central Street 71, #12-06",999560
"Blk 468 Lorong 7 Chong Boon, #18-38",515094
"Blk 26 Lorong 10 Tanjong Pagar, #14-19",377107
8 Sengkang Road,621124
"Blk 35 Clementi Street 86, #03-04",858045
1 Fidelio Green,659454
"Blk 36 Sengkang Street 22, #09-38",717772
"Blk 46 Geylang Street 38, #12-16",911102
"Blk 274 Serangoon Gardens Street 83, #03-02",682784
"Blk 443 Serangoon Gardens Street 25, #07-01",673623
"Blk 34 Boon Lay Street 22, #11-36",210032
"Blk 315 Lorong 1 Bukit Gombak, #01-26",714616
5 Orchard Road Green,64435
"Blk 21 Pasir Ris Street 89, #16-12",936012
"Blk 132 Lorong 8 Chong Pang, #17-33",521556
"Blk 43 Lorong 3 Pandan Valley, #12-30",680293
17 Woodlands Gate,672688
"8 Watten Vista, #18-40",389981
19 Jalan Terap,3744
"Blk 384 Jurong West Street 22, #16-06",574158
8 Jalan Telang,438998
"Blk 27 Sengkang Street 14, #08-07",762313
"Blk 13 Lorong 17 Tanjong Pagar, #16-13",937438
86 Tanglin Garden,280413
6 Serangoon North Gate,741033
"Blk 36 Serangoon North Street 76, #04-02",473476
1 Bukit Panjang Center,740178
8 Yishun Avenue,932669
34 Frankel Green,951225
"Blk 156 Serangoon North Street 29, #05-36",341275
6 Pioneer Center,409926
"Blk 226 Bukit Panjang Street 16, #03-35",248774
"Blk 177 Bedok Street 26, #01-32",877605
4 Mandai Gate,371129
"Blk 11 Lorong 1 Jurong Central, #03-16",815820
"55 Ang Mo Kio Park, #01-31",249163
"Blk 38 Tampines Street 86, #01-20",172972
77 Simei Vista,368458
"Blk 353 Lorong 18 Orchard Road, #18-39",386145
3 Jalan Enam,145200
8 Commonwealth Estate,531308
15 Mattar Estate,218830
"Blk 102 Paya Lebar Vista, #18-44",874198
"87 Gek Poh Ville Road, #14-19",674776
65 Bukit Purmei Avenue,55651
"Blk 231 Kallang Street 23, #10-42",292839
"Blk 15 Toa Payoh Street 86, #06-17",972591
63 Lim Chu Kang Crescent,24746
9 Caldecott Crescent,549127
"Blk 285 Jurong Central Street 85, #18-23",421965
"74 Gek Poh Ville Estate, #18-45",323828
"Blk 433 Aljunied Street 32, #09-23",445728
"Blk 19 Serangoon Gardens Street 20, #17-23",234211
"Blk 205 Clementi Street 81, #04-01",644934
84 Bugis Park,268426
"Blk 342 Serangoon North Street 31, #02-24",597504
4 Tiong Bahru Walk,983064
10 Hougang Vista,67994
"Blk 31 Lorong 2 Serangoon Gardens, #10-27",60344
"3 Woodgrove Walk, #08-43",735748
3 Punggol Crescent,45194
47 Jalan Berseh,294834
55 Cheng San Field,381272
8 Bukit Panjang Point,527317
42 Boon Keng Walk,467813
81 Jalan Seni,925663
4 Yuhua Junction,257519
47 Cairnhill Lane,283834
3 Kembangan Avenue North,413764
"49 Balestier Point, #16-23",321017
"1 Bidadari Field, #17-18",56771
Blk 155 Mattar Gate,231566
Blk 169 Jalan Ahmad Ibrahim,502177
"Blk 15 Clementi Street 89, #16-30",333150
"Blk 212 Hougang Street 12, #10-07",390890
"Blk 22 Hougang Street 28, #17-10",957351
"59 Orchard Road Drive, #11-04",752480
"Blk 304 Serangoon North Street 85, #07-41",161984
"18 Chong Pang Center, #05-09",733001
14 Sennett Park,812071
16 Anson Road Lane,237886
"Blk 26 Jurong East Street 73, #08-19",608399
